subject,count,link
"dogs",5,"https://npirvu.github.io/gresel-demo/browse.html#dogs"
"postcards",2,"https://npirvu.github.io/gresel-demo/browse.html#postcards"
"girls",2,"https://npirvu.github.io/gresel-demo/browse.html#girls"
"cats",1,"https://npirvu.github.io/gresel-demo/browse.html#cats"
"prairie dogs",1,"https://npirvu.github.io/gresel-demo/browse.html#prairie%20dogs"
"animals",1,"https://npirvu.github.io/gresel-demo/browse.html#animals"
"mills",1,"https://npirvu.github.io/gresel-demo/browse.html#mills"
"barrowclough photo card: photographer",1,"https://npirvu.github.io/gresel-demo/browse.html#barrowclough%20photo%20card:%20photographer"
"wainwright studio: publisher",1,"https://npirvu.github.io/gresel-demo/browse.html#wainwright%20studio:%20publisher"
"new york, dodd, mead & company [c1880]",1,"https://npirvu.github.io/gresel-demo/browse.html#new%20york,%20dodd,%20mead%20&%20company%20%5Bc1880%5D"
"morton, w.j.: photographer",1,"https://npirvu.github.io/gresel-demo/browse.html#morton,%20w.j.:%20photographer"
"tenney, abby a. (abby amy), 1836-1903.",1,"https://npirvu.github.io/gresel-demo/browse.html#tenney,%20abby%20a.%20(abby%20amy),%201836-1903."
"beals, jessie tarbox, 1870-1942, american [photographer]",1,"https://npirvu.github.io/gresel-demo/browse.html#beals,%20jessie%20tarbox,%201870-1942,%20american%20%5Bphotographer%5D"
